--------------------------------------------------------
--  파일이 생성됨 - 금요일-9월-19-2025   
--------------------------------------------------------
--------------------------------------------------------
--  DDL for Table CAREGIVER_LIST
--------------------------------------------------------

  CREATE TABLE "SYSTEM"."CAREGIVER_LIST" 
   (	"CAREGIVER_ID" VARCHAR2(50 BYTE), 
	"PASSWORD" VARCHAR2(50 BYTE), 
	"WARD_NUMBER" VARCHAR2(50 BYTE), 
	"NAME" VARCHAR2(50 BYTE), 
	"BIRTH" CHAR(8 BYTE), 
	"ADDRESS" VARCHAR2(50 BYTE), 
	"PHONE" VARCHAR2(20 BYTE), 
	"EMAIL" VARCHAR2(20 BYTE), 
	"GENDER" CHAR(1 BYTE), 
	"STATUS" CHAR(1 BYTE), 
	"CDATETIME" DATE DEFAULT SYSDATE, 
	"WARDNO" NUMBER
   ) PCTFREE 10 PCTUSED 40 INITRANS 1 MAXTRANS 255 
 NOCOMPRESS LOGGING
  STORAGE(INITIAL 65536 NEXT 1048576 MINEXTENTS 1 MAXEXTENTS 2147483645
  PCTINCREASE 0 FREELISTS 1 FREELIST GROUPS 1
  BUFFER_POOL DEFAULT FLASH_CACHE DEFAULT CELL_FLASH_CACHE DEFAULT)
  TABLESPACE "SYSTEM" ;
--------------------------------------------------------
--  DDL for Table ELDERS_LIST
--------------------------------------------------------

  CREATE TABLE "SYSTEM"."ELDERS_LIST" 
   (	"WARD_NUMBER" VARCHAR2(50 BYTE), 
	"NAME" VARCHAR2(50 BYTE), 
	"BIRTH" CHAR(8 BYTE), 
	"ADDRESS" VARCHAR2(50 BYTE), 
	"PHONE" VARCHAR2(20 BYTE), 
	"GENDER" CHAR(1 BYTE), 
	"CDATETIME" DATE DEFAULT SYSDATE, 
	"WARDNO" NUMBER
   ) PCTFREE 10 PCTUSED 40 INITRANS 1 MAXTRANS 255 
 NOCOMPRESS LOGGING
  STORAGE(INITIAL 65536 NEXT 1048576 MINEXTENTS 1 MAXEXTENTS 2147483645
  PCTINCREASE 0 FREELISTS 1 FREELIST GROUPS 1
  BUFFER_POOL DEFAULT FLASH_CACHE DEFAULT CELL_FLASH_CACHE DEFAULT)
  TABLESPACE "SYSTEM" ;
--------------------------------------------------------
--  DDL for Table GUARDIAN_LIST
--------------------------------------------------------

  CREATE TABLE "SYSTEM"."GUARDIAN_LIST" 
   (	"USERID" VARCHAR2(50 BYTE), 
	"PASSWORD" VARCHAR2(50 BYTE), 
	"WARD_NUMBER" VARCHAR2(50 BYTE), 
	"NAME" VARCHAR2(50 BYTE), 
	"BIRTH" CHAR(10 BYTE), 
	"ADDRESS" VARCHAR2(50 BYTE), 
	"PHONE" VARCHAR2(20 BYTE), 
	"EMAIL" VARCHAR2(20 BYTE), 
	"GENDER" CHAR(1 BYTE), 
	"STATUS" CHAR(1 BYTE), 
	"CDATETIME" DATE DEFAULT TO_CHAR(SYSDATE, 'YYYY-MM-DD'), 
	"WARDNO" NUMBER
   ) PCTFREE 10 PCTUSED 40 INITRANS 1 MAXTRANS 255 
 NOCOMPRESS LOGGING
  STORAGE(INITIAL 65536 NEXT 1048576 MINEXTENTS 1 MAXEXTENTS 2147483645
  PCTINCREASE 0 FREELISTS 1 FREELIST GROUPS 1
  BUFFER_POOL DEFAULT FLASH_CACHE DEFAULT CELL_FLASH_CACHE DEFAULT)
  TABLESPACE "SYSTEM" ;
--------------------------------------------------------
--  DDL for Table SANATORIUM_BOARD
--------------------------------------------------------

  CREATE TABLE "SYSTEM"."SANATORIUM_BOARD" 
   (	"BOARDNO" NUMBER, 
	"TITLE" VARCHAR2(50 BYTE), 
	"CONTENTS" VARCHAR2(300 BYTE), 
	"CAREGIVER_ID" VARCHAR2(20 BYTE), 
	"USERID" VARCHAR2(20 BYTE), 
	"CNT" NUMBER, 
	"FAVORITE" NUMBER, 
	"KIND" NUMBER, 
	"CDATETIME" DATE DEFAULT SYSDATE, 
	"UDATETIME" DATE DEFAULT SYSDATE, 
	"STATUS" CHAR(1 BYTE)
   ) PCTFREE 10 PCTUSED 40 INITRANS 1 MAXTRANS 255 
 NOCOMPRESS LOGGING
  STORAGE(INITIAL 65536 NEXT 1048576 MINEXTENTS 1 MAXEXTENTS 2147483645
  PCTINCREASE 0 FREELISTS 1 FREELIST GROUPS 1
  BUFFER_POOL DEFAULT FLASH_CACHE DEFAULT CELL_FLASH_CACHE DEFAULT)
  TABLESPACE "SYSTEM" ;
--------------------------------------------------------
--  DDL for Table SANATORIUM_COMMENT
--------------------------------------------------------

  CREATE TABLE "SYSTEM"."SANATORIUM_COMMENT" 
   (	"COMMENTNO" NUMBER, 
	"BOARDNO" NUMBER, 
	"COMMENT1" VARCHAR2(300 BYTE), 
	"USERID" VARCHAR2(20 BYTE), 
	"FAVORITE" NUMBER, 
	"P_COMMENTNO" NUMBER, 
	"CDATETIME" DATE DEFAULT SYSDATE, 
	"UDATETIME" DATE DEFAULT SYSDATE
   ) PCTFREE 10 PCTUSED 40 INITRANS 1 MAXTRANS 255 
 NOCOMPRESS LOGGING
  STORAGE(INITIAL 65536 NEXT 1048576 MINEXTENTS 1 MAXEXTENTS 2147483645
  PCTINCREASE 0 FREELISTS 1 FREELIST GROUPS 1
  BUFFER_POOL DEFAULT FLASH_CACHE DEFAULT CELL_FLASH_CACHE DEFAULT)
  TABLESPACE "SYSTEM" ;
REM INSERTING into SYSTEM.CAREGIVER_LIST
SET DEFINE OFF;
Insert into SYSTEM.CAREGIVER_LIST (CAREGIVER_ID,PASSWORD,WARD_NUMBER,NAME,BIRTH,ADDRESS,PHONE,EMAIL,GENDER,STATUS,CDATETIME,WARDNO) values ('care01','pwd01','가병동101','김말숙','19700508','인천시 부평구','010-1919-5678','care01@email.com','F','S',to_date('25/09/15','RR/MM/DD'),101);
Insert into SYSTEM.CAREGIVER_LIST (CAREGIVER_ID,PASSWORD,WARD_NUMBER,NAME,BIRTH,ADDRESS,PHONE,EMAIL,GENDER,STATUS,CDATETIME,WARDNO) values ('care02','pwd02','가병동102','박은숙','19651229','인천시 부평구','010-7894-5678','care02@email.com','F','S',to_date('25/09/15','RR/MM/DD'),102);
Insert into SYSTEM.CAREGIVER_LIST (CAREGIVER_ID,PASSWORD,WARD_NUMBER,NAME,BIRTH,ADDRESS,PHONE,EMAIL,GENDER,STATUS,CDATETIME,WARDNO) values ('care03','pwd03','나병동102','김초모','19661119','인천시 서구','010-1236-5678','care03@email.com','F','S',to_date('25/09/15','RR/MM/DD'),201);
Insert into SYSTEM.CAREGIVER_LIST (CAREGIVER_ID,PASSWORD,WARD_NUMBER,NAME,BIRTH,ADDRESS,PHONE,EMAIL,GENDER,STATUS,CDATETIME,WARDNO) values ('admin01','adminpass','관리자','관리자','19790302','인천시 부평구','010-7777-8888','admin01@email.com','M','A',to_date('25/09/15','RR/MM/DD'),0);
REM INSERTING into SYSTEM.ELDERS_LIST
SET DEFINE OFF;
Insert into SYSTEM.ELDERS_LIST (WARD_NUMBER,NAME,BIRTH,ADDRESS,PHONE,GENDER,CDATETIME,WARDNO) values ('나병동201','박칠순','19580630','인천시 미추홀구','010-0000-9852','F',to_date('25/09/15','RR/MM/DD'),201);
Insert into SYSTEM.ELDERS_LIST (WARD_NUMBER,NAME,BIRTH,ADDRESS,PHONE,GENDER,CDATETIME,WARDNO) values ('가병동101','나여사','19600420','인천시 미추홀구','010-1234-5678','F',to_date('25/09/15','RR/MM/DD'),101);
Insert into SYSTEM.ELDERS_LIST (WARD_NUMBER,NAME,BIRTH,ADDRESS,PHONE,GENDER,CDATETIME,WARDNO) values ('가병동102','고상배','19530809','인천시 남동구','010-5678-1234','M',to_date('25/09/15','RR/MM/DD'),102);
Insert into SYSTEM.ELDERS_LIST (WARD_NUMBER,NAME,BIRTH,ADDRESS,PHONE,GENDER,CDATETIME,WARDNO) values ('나병동202','박상동','19550802','인천시 미추홀구','010-9876-54321','M',to_date('25/09/15','RR/MM/DD'),202);
REM INSERTING into SYSTEM.GUARDIAN_LIST
SET DEFINE OFF;
Insert into SYSTEM.GUARDIAN_LIST (USERID,PASSWORD,WARD_NUMBER,NAME,BIRTH,ADDRESS,PHONE,EMAIL,GENDER,STATUS,CDATETIME,WARDNO) values ('user01','pass01','가병동101','김철수','19810909  ','경기도 동탄시','010-1111-2222','user01@email.com','M','C',to_date('25/09/15','RR/MM/DD'),101);
Insert into SYSTEM.GUARDIAN_LIST (USERID,PASSWORD,WARD_NUMBER,NAME,BIRTH,ADDRESS,PHONE,EMAIL,GENDER,STATUS,CDATETIME,WARDNO) values ('user02','pass02','가병동102','박영희','19850915  ','인천시 서구','010-3333-4444','user02@email.com','F','C',to_date('25/09/15','RR/MM/DD'),102);
Insert into SYSTEM.GUARDIAN_LIST (USERID,PASSWORD,WARD_NUMBER,NAME,BIRTH,ADDRESS,PHONE,EMAIL,GENDER,STATUS,CDATETIME,WARDNO) values ('user03','pass03','나병동202','홍길동','19820105  ','서울시 양천구','010-5555-6666','user03@email.com','M','C',to_date('25/09/15','RR/MM/DD'),202);
Insert into SYSTEM.GUARDIAN_LIST (USERID,PASSWORD,WARD_NUMBER,NAME,BIRTH,ADDRESS,PHONE,EMAIL,GENDER,STATUS,CDATETIME,WARDNO) values ('admin01','adminpass','관리자','관리자','19790302  ','인천시 부평구','010-7777-8888','admin01@email.com','M','A',to_date('25/09/15','RR/MM/DD'),0);
Insert into SYSTEM.GUARDIAN_LIST (USERID,PASSWORD,WARD_NUMBER,NAME,BIRTH,ADDRESS,PHONE,EMAIL,GENDER,STATUS,CDATETIME,WARDNO) values ('1234','a123456!!','가병동101','123','123       ','123','010-1234-5678','test12@naver.com','M',null,to_date('25/09/16','RR/MM/DD'),101);
REM INSERTING into SYSTEM.SANATORIUM_BOARD
SET DEFINE OFF;
Insert into SYSTEM.SANATORIUM_BOARD (BOARDNO,TITLE,CONTENTS,CAREGIVER_ID,USERID,CNT,FAVORITE,KIND,CDATETIME,UDATETIME,STATUS) values (53,'요양원 이용가이드','요양원 이용가이드',null,'admin01',50,10,1,to_date('25/09/15','RR/MM/DD'),to_date('25/09/15','RR/MM/DD'),'A');
Insert into SYSTEM.SANATORIUM_BOARD (BOARDNO,TITLE,CONTENTS,CAREGIVER_ID,USERID,CNT,FAVORITE,KIND,CDATETIME,UDATETIME,STATUS) values (54,'문의드립니다.','요양원 비용이 어떻게 되나요?',null,'user01',5,10,3,to_date('25/09/15','RR/MM/DD'),to_date('25/09/15','RR/MM/DD'),'C');
Insert into SYSTEM.SANATORIUM_BOARD (BOARDNO,TITLE,CONTENTS,CAREGIVER_ID,USERID,CNT,FAVORITE,KIND,CDATETIME,UDATETIME,STATUS) values (55,'요양원 문의','시설은 어떤가요?',null,'user02',4,2,3,to_date('25/09/15','RR/MM/DD'),to_date('25/09/15','RR/MM/DD'),'C');
Insert into SYSTEM.SANATORIUM_BOARD (BOARDNO,TITLE,CONTENTS,CAREGIVER_ID,USERID,CNT,FAVORITE,KIND,CDATETIME,UDATETIME,STATUS) values (56,'문의','식사는 어떻게 나오나요?',null,'user03',4,1,2,to_date('25/09/15','RR/MM/DD'),to_date('25/09/15','RR/MM/DD'),'C');
Insert into SYSTEM.SANATORIUM_BOARD (BOARDNO,TITLE,CONTENTS,CAREGIVER_ID,USERID,CNT,FAVORITE,KIND,CDATETIME,UDATETIME,STATUS) values (60,'박칠순 여사님 일지','오늘 일정~','care01',null,null,null,3,to_date('25/09/18','RR/MM/DD'),to_date('25/09/18','RR/MM/DD'),'S');
Insert into SYSTEM.SANATORIUM_BOARD (BOARDNO,TITLE,CONTENTS,CAREGIVER_ID,USERID,CNT,FAVORITE,KIND,CDATETIME,UDATETIME,STATUS) values (24,'안녕하세요','반갑습니다',null,null,0,null,3,to_date('25/09/19','RR/MM/DD'),to_date('25/09/19','RR/MM/DD'),'C');
REM INSERTING into SYSTEM.SANATORIUM_COMMENT
SET DEFINE OFF;
Insert into SYSTEM.SANATORIUM_COMMENT (COMMENTNO,BOARDNO,COMMENT1,USERID,FAVORITE,P_COMMENTNO,CDATETIME,UDATETIME) values (1,53,'감사합니다~','user01',1,null,to_date('25/09/15','RR/MM/DD'),to_date('25/09/15','RR/MM/DD'));
Insert into SYSTEM.SANATORIUM_COMMENT (COMMENTNO,BOARDNO,COMMENT1,USERID,FAVORITE,P_COMMENTNO,CDATETIME,UDATETIME) values (2,53,'감사합니다.','user02',1,null,to_date('25/09/15','RR/MM/DD'),to_date('25/09/15','RR/MM/DD'));
Insert into SYSTEM.SANATORIUM_COMMENT (COMMENTNO,BOARDNO,COMMENT1,USERID,FAVORITE,P_COMMENTNO,CDATETIME,UDATETIME) values (3,54,'공지사항 확인 부탁드려요','admin01',1,null,to_date('25/09/15','RR/MM/DD'),to_date('25/09/15','RR/MM/DD'));
Insert into SYSTEM.SANATORIUM_COMMENT (COMMENTNO,BOARDNO,COMMENT1,USERID,FAVORITE,P_COMMENTNO,CDATETIME,UDATETIME) values (4,55,'신설입니다~','admin01',1,null,to_date('25/09/15','RR/MM/DD'),to_date('25/09/15','RR/MM/DD'));
Insert into SYSTEM.SANATORIUM_COMMENT (COMMENTNO,BOARDNO,COMMENT1,USERID,FAVORITE,P_COMMENTNO,CDATETIME,UDATETIME) values (5,56,'아침, 점심, 저녁 식단에 맞춰서 나옵니다~','admin01',1,null,to_date('25/09/15','RR/MM/DD'),to_date('25/09/15','RR/MM/DD'));
--------------------------------------------------------
--  DDL for Index SYS_C008425
--------------------------------------------------------

  CREATE UNIQUE INDEX "SYSTEM"."SYS_C008425" ON "SYSTEM"."CAREGIVER_LIST" ("CAREGIVER_ID") 
  PCTFREE 10 INITRANS 2 MAXTRANS 255 
  STORAGE(INITIAL 65536 NEXT 1048576 MINEXTENTS 1 MAXEXTENTS 2147483645
  PCTINCREASE 0 FREELISTS 1 FREELIST GROUPS 1
  BUFFER_POOL DEFAULT FLASH_CACHE DEFAULT CELL_FLASH_CACHE DEFAULT)
  TABLESPACE "SYSTEM" ;
--------------------------------------------------------
--  DDL for Index SYS_C008414
--------------------------------------------------------

  CREATE UNIQUE INDEX "SYSTEM"."SYS_C008414" ON "SYSTEM"."ELDERS_LIST" ("WARD_NUMBER") 
  PCTFREE 10 INITRANS 2 MAXTRANS 255 
  STORAGE(INITIAL 65536 NEXT 1048576 MINEXTENTS 1 MAXEXTENTS 2147483645
  PCTINCREASE 0 FREELISTS 1 FREELIST GROUPS 1
  BUFFER_POOL DEFAULT FLASH_CACHE DEFAULT CELL_FLASH_CACHE DEFAULT)
  TABLESPACE "SYSTEM" ;
--------------------------------------------------------
--  DDL for Index USER_LIST_PK
--------------------------------------------------------

  CREATE UNIQUE INDEX "SYSTEM"."USER_LIST_PK" ON "SYSTEM"."GUARDIAN_LIST" ("USERID") 
  PCTFREE 10 INITRANS 2 MAXTRANS 255 COMPUTE STATISTICS 
  STORAGE(INITIAL 65536 NEXT 1048576 MINEXTENTS 1 MAXEXTENTS 2147483645
  PCTINCREASE 0 FREELISTS 1 FREELIST GROUPS 1
  BUFFER_POOL DEFAULT FLASH_CACHE DEFAULT CELL_FLASH_CACHE DEFAULT)
  TABLESPACE "SYSTEM" ;
--------------------------------------------------------
--  DDL for Index SYS_C008444
--------------------------------------------------------

  CREATE UNIQUE INDEX "SYSTEM"."SYS_C008444" ON "SYSTEM"."SANATORIUM_BOARD" ("BOARDNO") 
  PCTFREE 10 INITRANS 2 MAXTRANS 255 
  STORAGE(INITIAL 65536 NEXT 1048576 MINEXTENTS 1 MAXEXTENTS 2147483645
  PCTINCREASE 0 FREELISTS 1 FREELIST GROUPS 1
  BUFFER_POOL DEFAULT FLASH_CACHE DEFAULT CELL_FLASH_CACHE DEFAULT)
  TABLESPACE "SYSTEM" ;
--------------------------------------------------------
--  DDL for Index SYS_C008450
--------------------------------------------------------

  CREATE UNIQUE INDEX "SYSTEM"."SYS_C008450" ON "SYSTEM"."SANATORIUM_COMMENT" ("COMMENTNO") 
  PCTFREE 10 INITRANS 2 MAXTRANS 255 
  STORAGE(INITIAL 65536 NEXT 1048576 MINEXTENTS 1 MAXEXTENTS 2147483645
  PCTINCREASE 0 FREELISTS 1 FREELIST GROUPS 1
  BUFFER_POOL DEFAULT FLASH_CACHE DEFAULT CELL_FLASH_CACHE DEFAULT)
  TABLESPACE "SYSTEM" ;
--------------------------------------------------------
--  Constraints for Table CAREGIVER_LIST
--------------------------------------------------------

  ALTER TABLE "SYSTEM"."CAREGIVER_LIST" MODIFY ("PASSWORD" NOT NULL ENABLE);
  ALTER TABLE "SYSTEM"."CAREGIVER_LIST" MODIFY ("WARD_NUMBER" NOT NULL ENABLE);
  ALTER TABLE "SYSTEM"."CAREGIVER_LIST" MODIFY ("NAME" NOT NULL ENABLE);
  ALTER TABLE "SYSTEM"."CAREGIVER_LIST" MODIFY ("BIRTH" NOT NULL ENABLE);
  ALTER TABLE "SYSTEM"."CAREGIVER_LIST" MODIFY ("ADDRESS" NOT NULL ENABLE);
  ALTER TABLE "SYSTEM"."CAREGIVER_LIST" MODIFY ("PHONE" NOT NULL ENABLE);
  ALTER TABLE "SYSTEM"."CAREGIVER_LIST" MODIFY ("EMAIL" NOT NULL ENABLE);
  ALTER TABLE "SYSTEM"."CAREGIVER_LIST" MODIFY ("GENDER" NOT NULL ENABLE);
  ALTER TABLE "SYSTEM"."CAREGIVER_LIST" MODIFY ("STATUS" NOT NULL ENABLE);
  ALTER TABLE "SYSTEM"."CAREGIVER_LIST" MODIFY ("CDATETIME" NOT NULL ENABLE);
  ALTER TABLE "SYSTEM"."CAREGIVER_LIST" ADD PRIMARY KEY ("CAREGIVER_ID")
  USING INDEX PCTFREE 10 INITRANS 2 MAXTRANS 255 
  STORAGE(INITIAL 65536 NEXT 1048576 MINEXTENTS 1 MAXEXTENTS 2147483645
  PCTINCREASE 0 FREELISTS 1 FREELIST GROUPS 1
  BUFFER_POOL DEFAULT FLASH_CACHE DEFAULT CELL_FLASH_CACHE DEFAULT)
  TABLESPACE "SYSTEM"  ENABLE;
--------------------------------------------------------
--  Constraints for Table ELDERS_LIST
--------------------------------------------------------

  ALTER TABLE "SYSTEM"."ELDERS_LIST" MODIFY ("NAME" NOT NULL ENABLE);
  ALTER TABLE "SYSTEM"."ELDERS_LIST" MODIFY ("BIRTH" NOT NULL ENABLE);
  ALTER TABLE "SYSTEM"."ELDERS_LIST" MODIFY ("ADDRESS" NOT NULL ENABLE);
  ALTER TABLE "SYSTEM"."ELDERS_LIST" MODIFY ("PHONE" NOT NULL ENABLE);
  ALTER TABLE "SYSTEM"."ELDERS_LIST" MODIFY ("GENDER" NOT NULL ENABLE);
  ALTER TABLE "SYSTEM"."ELDERS_LIST" MODIFY ("CDATETIME" NOT NULL ENABLE);
  ALTER TABLE "SYSTEM"."ELDERS_LIST" ADD PRIMARY KEY ("WARD_NUMBER")
  USING INDEX PCTFREE 10 INITRANS 2 MAXTRANS 255 
  STORAGE(INITIAL 65536 NEXT 1048576 MINEXTENTS 1 MAXEXTENTS 2147483645
  PCTINCREASE 0 FREELISTS 1 FREELIST GROUPS 1
  BUFFER_POOL DEFAULT FLASH_CACHE DEFAULT CELL_FLASH_CACHE DEFAULT)
  TABLESPACE "SYSTEM"  ENABLE;
  ALTER TABLE "SYSTEM"."ELDERS_LIST" MODIFY ("WARDNO" NOT NULL ENABLE);
--------------------------------------------------------
--  Constraints for Table GUARDIAN_LIST
--------------------------------------------------------

  ALTER TABLE "SYSTEM"."GUARDIAN_LIST" MODIFY ("PASSWORD" NOT NULL ENABLE);
  ALTER TABLE "SYSTEM"."GUARDIAN_LIST" MODIFY ("WARD_NUMBER" NOT NULL ENABLE);
  ALTER TABLE "SYSTEM"."GUARDIAN_LIST" MODIFY ("NAME" NOT NULL ENABLE);
  ALTER TABLE "SYSTEM"."GUARDIAN_LIST" MODIFY ("ADDRESS" NOT NULL ENABLE);
  ALTER TABLE "SYSTEM"."GUARDIAN_LIST" MODIFY ("PHONE" NOT NULL ENABLE);
  ALTER TABLE "SYSTEM"."GUARDIAN_LIST" MODIFY ("EMAIL" NOT NULL ENABLE);
  ALTER TABLE "SYSTEM"."GUARDIAN_LIST" MODIFY ("GENDER" NOT NULL ENABLE);
  ALTER TABLE "SYSTEM"."GUARDIAN_LIST" MODIFY ("USERID" NOT NULL ENABLE);
  ALTER TABLE "SYSTEM"."GUARDIAN_LIST" MODIFY ("CDATETIME" NOT NULL ENABLE);
  ALTER TABLE "SYSTEM"."GUARDIAN_LIST" ADD CONSTRAINT "USER_LIST_PK" PRIMARY KEY ("USERID")
  USING INDEX PCTFREE 10 INITRANS 2 MAXTRANS 255 COMPUTE STATISTICS 
  STORAGE(INITIAL 65536 NEXT 1048576 MINEXTENTS 1 MAXEXTENTS 2147483645
  PCTINCREASE 0 FREELISTS 1 FREELIST GROUPS 1
  BUFFER_POOL DEFAULT FLASH_CACHE DEFAULT CELL_FLASH_CACHE DEFAULT)
  TABLESPACE "SYSTEM"  ENABLE;
  ALTER TABLE "SYSTEM"."GUARDIAN_LIST" MODIFY ("WARDNO" NOT NULL ENABLE);
--------------------------------------------------------
--  Constraints for Table SANATORIUM_BOARD
--------------------------------------------------------

  ALTER TABLE "SYSTEM"."SANATORIUM_BOARD" MODIFY ("TITLE" NOT NULL ENABLE);
  ALTER TABLE "SYSTEM"."SANATORIUM_BOARD" MODIFY ("CONTENTS" NOT NULL ENABLE);
  ALTER TABLE "SYSTEM"."SANATORIUM_BOARD" MODIFY ("STATUS" NOT NULL ENABLE);
  ALTER TABLE "SYSTEM"."SANATORIUM_BOARD" MODIFY ("KIND" NOT NULL ENABLE);
  ALTER TABLE "SYSTEM"."SANATORIUM_BOARD" MODIFY ("CDATETIME" NOT NULL ENABLE);
  ALTER TABLE "SYSTEM"."SANATORIUM_BOARD" MODIFY ("UDATETIME" NOT NULL ENABLE);
  ALTER TABLE "SYSTEM"."SANATORIUM_BOARD" ADD PRIMARY KEY ("BOARDNO")
  USING INDEX PCTFREE 10 INITRANS 2 MAXTRANS 255 
  STORAGE(INITIAL 65536 NEXT 1048576 MINEXTENTS 1 MAXEXTENTS 2147483645
  PCTINCREASE 0 FREELISTS 1 FREELIST GROUPS 1
  BUFFER_POOL DEFAULT FLASH_CACHE DEFAULT CELL_FLASH_CACHE DEFAULT)
  TABLESPACE "SYSTEM"  ENABLE;
--------------------------------------------------------
--  Constraints for Table SANATORIUM_COMMENT
--------------------------------------------------------

  ALTER TABLE "SYSTEM"."SANATORIUM_COMMENT" MODIFY ("USERID" NOT NULL ENABLE);
  ALTER TABLE "SYSTEM"."SANATORIUM_COMMENT" MODIFY ("BOARDNO" NOT NULL ENABLE);
  ALTER TABLE "SYSTEM"."SANATORIUM_COMMENT" MODIFY ("COMMENT1" NOT NULL ENABLE);
  ALTER TABLE "SYSTEM"."SANATORIUM_COMMENT" MODIFY ("CDATETIME" NOT NULL ENABLE);
  ALTER TABLE "SYSTEM"."SANATORIUM_COMMENT" MODIFY ("UDATETIME" NOT NULL ENABLE);
  ALTER TABLE "SYSTEM"."SANATORIUM_COMMENT" ADD PRIMARY KEY ("COMMENTNO")
  USING INDEX PCTFREE 10 INITRANS 2 MAXTRANS 255 
  STORAGE(INITIAL 65536 NEXT 1048576 MINEXTENTS 1 MAXEXTENTS 2147483645
  PCTINCREASE 0 FREELISTS 1 FREELIST GROUPS 1
  BUFFER_POOL DEFAULT FLASH_CACHE DEFAULT CELL_FLASH_CACHE DEFAULT)
  TABLESPACE "SYSTEM"  ENABLE;
